{
  "makanan": [
    {
      "nama": "Tteokbokki",
      "size": "1 porsi",
      "harga": "Rp 25.000",
      "link": "https://www.google.com/search?q=tteokbokki+korean+food&tbm=shop",
      "foto": "images/makanan/Tteokbokki.jpg"
    },
    {
      "nama": "Ramen",
      "size": "1 porsi",
      "harga": "Rp 25.000",
      "link": "https://www.google.com/search?q=ramen+korean+food&tbm=shop",
      "foto": "images/makanan/Ramen.jpg"
    },
    {
      "nama": "Jjajangmyeon",
      "size": "1 porsi",
      "harga": "Rp 20.000",
      "link": "https://www.google.com/search?q=jjajangmyeon+korean+food &tbm=shop",
      "foto": "images/makanan/Jjajangmyeon.jpg"
    },
    {
      "nama": "Buldak Ayam",
      "size": "1 porsi",
      "harga": "Rp 25.000",
      "link": "https://www.google.com/search?q=buldak+ayam+korean+food&tbm=shop",
      "foto": "images/makanan/Buldak.jpg"
    },
    {
      "nama": "Gimbap",
      "size": "1 porsi",
      "harga": "Rp 20.000",
      "link": "https://www.google.com/search?q=gimbap+korean+food&tbm=shop",
      "foto": "images/makanan/Gimbap.jpg"
    }
  ],
  "minuman": [
    {
      "nama": "Strawberry Ice",
      "size": "200 ml",
      "harga": "Rp 10.000",
      "link": "https://www.google.com/search?q=strawberry+ice&tbm=shop",
      "foto": "images/minuman/stroberi.jpg"
    },
    {
      "nama": "Greentea Ice",
      "size": "200 ml",
      "harga": "Rp 10.000",
      "link": "https://www.google.com/search?q=greentea+ice&tbm=shop",
      "foto": "images/minuman/greentea.jpg"
    },
    {
      "nama": "Chocolate Ice",
      "size": "200 ml",
      "harga": "Rp 10.000",
      "link": "https://www.google.com/search?q=chocolate+ice&tbm=shop",
      "foto": "images/minuman/coklat.jpg"
    }
  ],
  "camilan": [
    {
      "nama": "Corndog ",
      "size": "1 tusuk",
      "harga": "Rp 5.000",
      "link": "https://www.google.com/search?q=corndog+camilan&tbm=shop",
      "foto": "images/camilan/corndog.jpg"
    },
    {
      "nama": "Dak Kochi",
      "size": "1 tusuk",
      "harga": "Rp 5.000",
      "link": "https://www.google.com/search?q=dak+kochi+camilan&tbm=shop",
      "foto": "images/camilan/dak kochi.webp"
    },
    {
      "nama": "Odeng",
      "size": "1 tusuk",
      "harga": "Rp 5.000",
      "link": "https://www.google.com/search?q=odeng+camilan&tbm=shop",
      "foto": "images/camilan/odeng.jpg"
    }
  ]
}